customer_id,customer_name,email,registration_date,customer_type
CUST_0013,Brian Thompson,kathleen68@example.org,2026-06-07,PREMIUM
CUST_0014,Erin Lee,princepaige@example.org,2024-07-30,REGULAR
CUST_0015,Amy Campbell,michaelramos@example.org,2024-09-19,REGULAR
CUST_0016,Michael Drake,laura98@example.org,2025-03-30,VIP
CUST_0017,Michael Harper,patricia37@example.net,2024-09-20,PREMIUM
CUST_0018,Yolanda Rivera,thomas63@example.com,2025-02-09,PREMIUM
CUST_0019,Catherine Calderon,joanrodriguez@example.net,2025-06-07,PREMIUM
CUST_0020,April Crawford,tammyhunter@example.org,2025-04-03,REGULAR
CUST_0021,Thomas Griffith,ucortez@example.net,2025-08-16,REGULAR
CUST_0022,Kayla Baldwin,mthomas@example.com,2025-11-17,PREMIUM
CUST_0023,Erin Wilson,paul53@example.org,2024-12-20,REGULAR
CUST_0024,Joel Livingston,donaldsontyler@example.org,2026-02-01,REGULAR
CUST_0025,Rachel Hill,smccarty@example.net,2024-11-06,PREMIUM
CUST_0026,Sheri Bell,ccurtis@example.net,2025-01-14,REGULAR
CUST_0027,Michael Thomas,marissa32@example.com,2026-04-01,PREMIUM
CUST_0028,Scott Davidson,zachary96@example.net,2026-02-18,PREMIUM
CUST_0029,Katherine Johnson,iadams@example.net,2026-04-18,VIP
CUST_0030,Veronica Moss,robert99@example.net,2025-09-30,PREMIUM
CUST_0031,Katherine Gonzalez,alexis69@example.com,2025-06-24,REGULAR
CUST_0032,Monica Hooper,brandon13@example.org,2025-08-25,VIP
CUST_0033,Carl Jones,kmiller@example.com,2024-07-23,PREMIUM
CUST_0034,Larry Valencia,randerson@example.com,2024-07-25,VIP
CUST_0035,Mark Rose,dianecox@example.net,2025-02-20,REGULAR
CUST_0036,Melanie Robertson,hnewman@example.org,2026-04-30,PREMIUM
CUST_0037,Zoe Dean,berryangela@example.net,2025-10-21,REGULAR
CUST_0038,Dr. Alexander Gray,emaxwell@example.net,2024-11-25,VIP
CUST_0039,Brian Arellano,nicole51@example.org,2024-11-13,PREMIUM
CUST_0040,Dawn Kane,alexandra05@example.com,2026-04-25,VIP
CUST_0041,Jamie Smith,jacksonalex@example.com,2024-08-12,VIP
CUST_0042,Linda Hodges,gomezmargaret@example.net,2025-01-11,PREMIUM
CUST_0043,Sara Campbell,garciakaren@example.com,2024-09-10,VIP
CUST_0044,Joshua Cannon,afoster@example.net,2025-12-24,REGULAR
CUST_0045,Haley Goodwin,jacksonmichelle@example.net,2026-06-11,VIP
CUST_0046,Charles Wright,brent61@example.net,2025-11-05,REGULAR
CUST_0047,Emily Ibarra,davidwallace@example.com,2024-10-25,REGULAR
CUST_0048,Donna Lowe,lbryant@example.com,2025-04-26,VIP
CUST_0049,James Joseph,kbrown@example.com,2024-08-02,REGULAR
CUST_0050,Debra Huerta,tbradley@example.com,2026-06-01,PREMIUM
CUST_0051,Thomas Kane,stephenjohnson@example.org,2024-07-12,REGULAR
CUST_0052,John Cain,sclark@example.net,2025-04-04,REGULAR
CUST_0053,Jennifer Clark,thomasmorris@example.org,2025-07-19,REGULAR
CUST_0054,Emily Cook,melaniemcdaniel@example.net,2026-05-08,PREMIUM
CUST_0055,Erin Sheppard,arthur88@example.net,2025-05-28,PREMIUM
CUST_0056,Michael Holmes,slang@example.org,2026-05-30,PREMIUM
CUST_0057,Adrian Guerrero,ian72@example.com,2024-09-26,VIP
CUST_0058,Rebecca Warren,beckypitts@example.net,2026-06-30,PREMIUM
CUST_0059,Frank Nelson,alvaradoandrea@example.com,2024-09-20,REGULAR
CUST_0060,Donna Gaines,heatherjensen@example.com,2025-07-10,PREMIUM
CUST_0061,Robert Williamson DDS,walltony@example.net,2025-07-29,PREMIUM
CUST_0062,Jennifer Hart,jonesgerald@example.net,2025-12-23,REGULAR
CUST_0063,Dakota Bennett,ibell@example.net,2026-04-25,VIP
CUST_0064,Ian White,qking@example.org,2024-08-13,PREMIUM
CUST_0065,Casey Lowe,cassandra06@example.com,2024-11-15,VIP
CUST_0066,Samuel Hall,kjones@example.org,2025-08-28,VIP
CUST_0067,Sara Bradley,prodriguez@example.com,2025-06-05,VIP
CUST_0068,Joshua Murphy,emilyjohnson@example.org,2026-05-12,REGULAR
CUST_0069,Denise Castro,vmiddleton@example.org,2025-05-23,VIP
CUST_0070,Tamara Smith,lweber@example.org,2026-01-02,VIP
CUST_0071,Ashley Hernandez,nmitchell@example.com,2026-02-03,REGULAR
CUST_0072,Amber Hicks,davisstephen@example.net,2026-03-02,VIP
CUST_0073,Katherine Short,twilson@example.com,2025-02-16,VIP
CUST_0074,Sarah Olson,brandi16@example.net,2025-12-01,REGULAR
CUST_0075,Megan Moore,rachelsmith@example.net,2024-08-20,REGULAR
CUST_0076,Robert Hernandez,qfoster@example.com,2024-10-20,PREMIUM
CUST_0077,Brittany Rollins,iberg@example.org,2025-01-12,PREMIUM
CUST_0078,Julie Wright,jacobmontgomery@example.net,2024-07-13,PREMIUM
CUST_0079,Michael Joseph,hjoseph@example.com,2025-07-06,VIP
CUST_0080,Crystal Chavez,davisashley@example.org,2025-07-31,VIP
CUST_0081,Ricardo Fletcher,hansenchristopher@example.com,2026-02-05,VIP
CUST_0082,Brett Hinton,anthonydavis@example.com,2025-01-24,REGULAR
CUST_0083,Michelle Wilson,alyssabrown@example.org,2024-11-11,VIP
CUST_0084,Edward Phelps,smithsharon@example.net,2025-03-25,PREMIUM
CUST_0085,Anthony Gross,gwilson@example.com,2024-07-16,REGULAR
CUST_0086,Denise Barber,smithkathy@example.net,2026-04-21,REGULAR
CUST_0087,Alexander Collins,zphillips@example.com,2026-04-06,REGULAR
CUST_0088,Caitlin Brown,whiteheadjoseph@example.org,2026-01-12,PREMIUM
CUST_0089,Linda King,bishopnicholas@example.com,2024-07-08,PREMIUM
CUST_0090,Karen Miller,nochoa@example.org,2025-05-19,PREMIUM
CUST_0091,Jessica Estrada,danieljennifer@example.com,2026-04-22,REGULAR
CUST_0092,April Sparks,jeanettecraig@example.com,2025-04-26,REGULAR
CUST_0093,Teresa Jensen,hannah67@example.net,2025-09-23,VIP
CUST_0094,Monica Benson,nicholas61@example.org,2025-07-05,VIP
CUST_0095,Daniel Maldonado,donald43@example.org,2025-02-26,PREMIUM
CUST_0096,Jeremiah Robinson Jr.,desireekidd@example.net,2026-01-26,REGULAR
CUST_0097,Mark Scott,kathleen48@example.com,2025-11-01,VIP
CUST_0098,Mark Mills,whitebrandon@example.org,2025-01-24,PREMIUM
CUST_0099,Ralph Tucker,kimjulia@example.net,2025-08-02,PREMIUM
CUST_0100,Nancy Webb,nwilson@example.com,2026-01-11,VIP
CUST_0101,Dawn Boyd,maddenricky@example.org,2026-06-29,PREMIUM
CUST_0102,Richard Watts,robinsonjesse@example.com,2024-08-19,REGULAR
CUST_0103,Logan Contreras,joshuadavis@example.net,2024-08-26,PREMIUM
CUST_0104,April Olson,pamelawilliams@example.org,2025-05-28,REGULAR
CUST_0105,Mary Wall,kfreeman@example.com,2025-11-28,REGULAR
CUST_0106,Timothy Conner,jonesalicia@example.net,2026-01-24,VIP
CUST_0107,Calvin Hill,davidsmith@example.net,2026-01-08,VIP
CUST_0108,Cynthia Johnson,phillipshelen@example.net,2024-08-24,VIP
CUST_0109,Lisa Wang,rodriguezwanda@example.net,2026-01-30,PREMIUM
CUST_0110,Samantha Gonzalez,justin65@example.org,2026-02-16,VIP
CUST_0111,Christopher Sanchez,asmith@example.com,2024-12-23,VIP
CUST_0112,Jesse Stevenson,schmidtlinda@example.net,2025-08-18,PREMIUM
CUST_0113,Nathan Hill,devin92@example.net,2026-05-29,VIP
CUST_0114,Kelly Miller,wmiller@example.net,2024-10-05,PREMIUM
CUST_0115,Jessica Owens,stevenjohnson@example.org,2026-04-02,PREMIUM
CUST_0116,Amy Gray,cruzbrittany@example.com,2024-11-09,REGULAR
CUST_0117,Brenda Murray,christopher47@example.net,2025-01-31,REGULAR
CUST_0118,Christopher Matthews,victoriabell@example.org,2024-12-27,VIP
CUST_0119,Wanda Schultz,gainesshannon@example.com,2026-01-02,PREMIUM
CUST_0120,Travis Ferguson,jessicapalmer@example.org,2025-09-23,REGULAR
CUST_0121,Mr. Travis Glover Jr.,stacey95@example.org,2025-05-02,REGULAR
CUST_0122,Gregory Marshall,crystal69@example.net,2025-04-16,REGULAR
CUST_0123,Mrs. Megan Marsh DDS,brian97@example.org,2026-02-03,REGULAR
CUST_0124,Shane Hodges,harrislori@example.com,2026-05-08,VIP
CUST_0125,Rachel Davis,ramireznicholas@example.org,2024-07-18,REGULAR
CUST_0126,Karl Mcintyre,patelvanessa@example.net,2025-12-08,VIP
CUST_0127,Anthony Johnson,lauramartin@example.com,2026-03-03,PREMIUM
CUST_0128,Margaret Combs,andrea06@example.net,2026-02-08,VIP
CUST_0129,Charles Montoya,carriejones@example.com,2025-02-05,REGULAR
CUST_0130,Dakota Lewis,omartinez@example.com,2024-10-30,PREMIUM
CUST_0131,Crystal Barton,nwelch@example.com,2024-12-26,PREMIUM
CUST_0132,Robert Jackson,medinajonathan@example.org,2025-08-06,VIP
CUST_0133,Lauren Stanley,lisa55@example.com,2025-04-21,PREMIUM
CUST_0134,Jesse Long,gsimmons@example.com,2026-04-15,VIP
CUST_0135,Jennifer Harmon,tiffanyschmidt@example.org,2025-05-02,PREMIUM
CUST_0136,Jordan Torres,scobb@example.net,2025-05-05,VIP
CUST_0137,Isaiah Simmons,vanderson@example.com,2025-09-10,REGULAR
CUST_0138,Harry Acevedo,gmorgan@example.org,2025-05-02,VIP
CUST_0139,Frank Young,sharonlee@example.org,2025-08-15,VIP
CUST_0140,Louis Medina,davisashley@example.net,2025-12-01,REGULAR
CUST_0141,Michael Peters,jill04@example.org,2025-07-23,VIP
CUST_0142,Lee Lewis,foconnell@example.com,2025-12-01,VIP
CUST_0143,John Lowe,miguelwright@example.com,2025-10-30,PREMIUM
CUST_0144,Laura Mercer,qevans@example.com,2026-04-22,VIP
CUST_0145,Russell Joyce,barbarahart@example.net,2026-01-29,PREMIUM
CUST_0146,Christopher Shaffer,alvaradokathleen@example.org,2024-10-22,REGULAR
CUST_0147,Beth Kelley,susanbrooks@example.net,2025-07-08,PREMIUM
CUST_0148,Deborah Stewart,tara62@example.org,2024-08-14,PREMIUM
CUST_0149,Phillip Lamb,uclark@example.net,2025-06-01,REGULAR
CUST_0150,Cheryl Peck,brianna84@example.org,2026-03-14,PREMIUM
CUST_0151,Devin Willis,moranmarie@example.com,2025-01-03,REGULAR
CUST_0152,Krista Ross,ashleyjohnson@example.net,2025-05-24,VIP
CUST_0153,Julie Morton,georgeblair@example.org,2026-01-04,VIP
CUST_0154,David Smith,bmurphy@example.org,2024-10-28,PREMIUM
CUST_0155,Kim Morales,maciaserica@example.com,2024-09-25,VIP
CUST_0156,Daniel Robinson,paula46@example.org,2024-08-30,REGULAR
CUST_0157,Rebecca Russell,williamjones@example.com,2025-05-19,VIP
CUST_0158,Erica Brown,kennethbennett@example.org,2025-03-26,REGULAR
CUST_0159,Kellie Hart,brownkatherine@example.com,2026-02-22,VIP
CUST_0160,Evan Duncan,daniellehenderson@example.com,2025-07-01,PREMIUM
CUST_0161,Joy Williams,kenneth64@example.com,2024-12-10,VIP
CUST_0162,Isaiah Dunlap,penadan@example.org,2024-07-16,VIP
CUST_0163,April Murray,dwilliams@example.com,2026-04-19,VIP
CUST_0164,John Roberts,michael64@example.com,2026-05-13,REGULAR
CUST_0165,John Blair,james04@example.com,2025-09-05,REGULAR
CUST_0166,Jennifer Wu,miranda01@example.org,2026-04-23,PREMIUM
CUST_0167,Lori Richardson,monroejames@example.net,2025-01-07,REGULAR
CUST_0168,William Smith,sarah22@example.com,2026-06-30,VIP
CUST_0169,Oscar Wyatt,belllori@example.com,2025-12-24,VIP
CUST_0170,Dr. Linda Rodriguez,fmedina@example.net,2025-02-08,REGULAR
CUST_0171,Kathleen Hunter,jacquelinelutz@example.org,2026-03-21,VIP
CUST_0172,Elizabeth Orr,jimenezrichard@example.net,2026-05-29,PREMIUM
CUST_0173,John Johnson,zparker@example.org,2026-07-03,PREMIUM
CUST_0174,Shawn Clark,meghan27@example.com,2024-08-02,REGULAR
CUST_0175,Wendy Walker,johnsonbonnie@example.net,2026-06-30,REGULAR
CUST_0176,Kendra Oliver,tfrank@example.org,2024-10-04,PREMIUM
CUST_0177,James Campbell,tanya47@example.com,2025-03-22,PREMIUM
CUST_0178,Kristen Turner,qperry@example.net,2024-10-19,REGULAR
CUST_0179,James Cooke,walkerlindsey@example.com,2025-05-23,REGULAR
CUST_0180,Tyler Robinson,rodneymccann@example.net,2024-07-16,REGULAR
CUST_0181,Eileen George,amanda92@example.net,2025-08-01,VIP
CUST_0182,Natalie Schmitt,greeneamanda@example.net,2024-09-10,REGULAR
CUST_0183,Brent Smith,fjames@example.com,2024-07-16,REGULAR
CUST_0184,James Hernandez,michael52@example.net,2024-11-16,VIP
CUST_0185,Laura Kirk,janderson@example.net,2025-11-17,PREMIUM
CUST_0186,Charles Browning,vsmith@example.net,2024-10-06,REGULAR
CUST_0187,Joel Morales,finleylisa@example.org,2025-08-06,VIP
CUST_0188,Meredith Davidson,keith75@example.com,2025-07-26,REGULAR
CUST_0189,Virginia Brown MD,matthewlewis@example.net,2026-02-06,REGULAR
CUST_0190,Lydia Branch,clarencedavis@example.com,2025-12-14,VIP
CUST_0191,Mitchell York,jessicaphillips@example.net,2024-11-19,PREMIUM
CUST_0192,Jennifer Rice,jasonjohnson@example.net,2024-08-14,VIP
CUST_0193,James Higgins,youngmelissa@example.com,2025-07-08,REGULAR
CUST_0194,Joseph Hamilton,christy54@example.com,2026-04-01,PREMIUM
CUST_0195,Michael Farmer,steven04@example.com,2025-02-15,VIP
CUST_0196,Nancy Allen,mgrant@example.org,2024-11-11,VIP
CUST_0197,Micheal Brown,ashley23@example.org,2025-02-26,PREMIUM
CUST_0198,Kirk Thompson,jwebb@example.net,2024-08-24,REGULAR
CUST_0199,Dr. James Johnson,oscarpalmer@example.net,2024-07-30,VIP
CUST_0200,Joseph Davis,jcarrillo@example.org,2026-02-17,VIP
CUST_0201,Sandra Andrews,rileyjamie@example.com,2024-07-14,VIP
CUST_0202,Ann Mcpherson,richard00@example.com,2024-09-06,REGULAR
CUST_0203,Mathew French,kiddmichael@example.net,2025-08-14,VIP
CUST_0204,Michael Wagner,jessicacampbell@example.org,2026-01-02,PREMIUM
CUST_0205,William Harper,shahtimothy@example.org,2026-01-09,PREMIUM
CUST_0206,Amanda Thompson,joseph91@example.net,2024-11-10,VIP
CUST_0207,Debra Brown,colleengomez@example.com,2025-04-23,VIP
CUST_0208,Thomas Estes,vfowler@example.net,2025-11-17,PREMIUM
CUST_0209,Justin Campbell,suzannebryant@example.com,2025-05-24,PREMIUM
CUST_0210,Anthony West,foxjuan@example.com,2026-02-09,VIP
CUST_0211,Leah Wilson,fcastro@example.net,2024-10-06,PREMIUM
CUST_0212,Megan Martinez,ltate@example.com,2025-03-05,REGULAR
CUST_0213,Dana Jensen,stevensbrian@example.com,2025-11-22,REGULAR
CUST_0214,Madeline Mccullough,carrie50@example.com,2026-07-04,REGULAR
CUST_0215,Nicholas Harris,christinewilliams@example.net,2025-10-28,REGULAR
CUST_0216,James Ray,nguyenkristen@example.net,2026-05-29,PREMIUM
CUST_0217,Julie Rodriguez,eric78@example.com,2026-06-18,REGULAR
CUST_0218,Steve Watson,cory83@example.org,2026-04-21,VIP
CUST_0219,Danielle Miller,ejenkins@example.com,2025-04-08,VIP
CUST_0220,Carolyn Obrien,amandadixon@example.com,2025-02-01,REGULAR
CUST_0221,Carol Harper,michael41@example.com,2025-06-19,VIP
CUST_0222,Brian Moreno,nsandoval@example.com,2024-10-16,REGULAR
CUST_0223,Shawn Pittman,smoran@example.net,2026-01-14,REGULAR
CUST_0224,Jack Ramirez,kristenbenton@example.net,2025-03-13,REGULAR
CUST_0225,Carol Nelson,vasquezryan@example.org,2025-11-18,VIP
CUST_0226,Jessica Williams,barbara79@example.org,2026-05-27,VIP
CUST_0227,Robert Brandt,whitevanessa@example.org,2025-09-04,REGULAR
CUST_0228,James Nelson,nyoung@example.net,2025-12-13,REGULAR
CUST_0229,Joshua Gibson,mariemiller@example.org,2025-04-29,REGULAR
CUST_0230,Hannah Johnson,richardhaley@example.com,2024-11-12,REGULAR
CUST_0231,Nancy Howell,brianramirez@example.net,2025-05-15,PREMIUM
CUST_0232,Corey Lane,jhenry@example.org,2026-05-01,REGULAR
CUST_0233,James Shaw,michaelbrooke@example.com,2025-08-25,VIP
CUST_0234,Samantha Copeland MD,phillipsrose@example.org,2024-11-26,REGULAR
CUST_0235,Pamela Gomez,phyllisgeorge@example.org,2024-12-06,PREMIUM
CUST_0236,Alan Rose,stephaniehatfield@example.org,2025-12-17,VIP
CUST_0237,Steven Mueller,riggsdarlene@example.org,2025-09-24,PREMIUM
CUST_0238,Heather Gallegos,nicolemiller@example.com,2026-01-04,REGULAR
CUST_0239,Elizabeth Blanchard,romerodonna@example.org,2024-08-31,VIP
CUST_0240,Nicholas Pratt,pmoore@example.net,2024-10-04,REGULAR
CUST_0241,Kevin Cohen,hinesholly@example.net,2025-04-03,VIP
CUST_0242,John Greene,tanya73@example.com,2026-02-26,VIP
CUST_0243,Donna Deleon,vasquezcindy@example.org,2026-06-03,VIP
CUST_0244,Crystal Moody,marymolina@example.com,2024-10-08,PREMIUM
CUST_0245,Amanda Shaw,zcollins@example.org,2025-06-21,REGULAR
CUST_0246,Garrett Hensley,hgill@example.org,2025-10-24,PREMIUM
CUST_0247,Keith Scott,swalker@example.com,2025-09-30,PREMIUM
CUST_0248,Lindsey Hunter,ctaylor@example.org,2026-05-06,REGULAR
CUST_0249,Gerald Leblanc,williamlopez@example.org,2025-03-02,REGULAR
CUST_0250,Erik Leon,andrew39@example.org,2026-05-14,REGULAR
CUST_0251,Damon Castro,jacobgarcia@example.net,2025-11-26,VIP
CUST_0252,Adam Harmon,lawrencejoe@example.net,2025-10-13,PREMIUM
CUST_0253,Richard Moon,usmith@example.org,2026-06-20,PREMIUM
CUST_0254,Marie Lee,richardheath@example.com,2026-01-16,PREMIUM
CUST_0255,Destiny Friedman,jessicaallen@example.net,2025-06-17,PREMIUM
CUST_0256,Julie Newman,rachelstevens@example.com,2025-06-01,PREMIUM
CUST_0257,Sarah Bennett,perrylisa@example.com,2025-06-05,VIP
CUST_0258,Jason Patton,julielane@example.com,2025-04-21,REGULAR
CUST_0259,Paula Ford,jennifer07@example.org,2026-02-19,VIP
CUST_0260,Malik Williams,jessica37@example.net,2026-05-18,VIP
CUST_0261,Natasha Clark,tylerjeffrey@example.net,2026-03-18,VIP
CUST_0262,Glen Young,hannah57@example.org,2024-07-19,REGULAR
CUST_0263,Diana Clay,jennifer56@example.org,2026-01-13,REGULAR
CUST_0264,Timothy Brown,mmills@example.net,2026-03-21,PREMIUM
CUST_0265,Angela Mckay,wmckenzie@example.net,2025-09-28,VIP
CUST_0266,Jorge Bradshaw,yodom@example.com,2025-10-08,PREMIUM
CUST_0267,Brett Tran,gillespiegary@example.com,2025-05-30,REGULAR
CUST_0268,Robert Rodriguez,reedheather@example.com,2026-02-23,REGULAR
CUST_0269,Jacqueline Mendoza,lortega@example.net,2025-09-10,REGULAR
CUST_0270,Matthew Smith,xhahn@example.org,2025-05-12,REGULAR
CUST_0271,Jonathan Becker Jr.,tbuchanan@example.com,2025-03-18,VIP
CUST_0272,Adam Campbell,wayne39@example.net,2025-07-12,PREMIUM
CUST_0273,Laurie Rivera,brandon63@example.net,2024-11-22,REGULAR
CUST_0274,Jacqueline Owens,ajenkins@example.com,2025-04-11,PREMIUM
CUST_0275,Jacob Waters,lozanomary@example.com,2025-05-03,REGULAR
CUST_0276,Daniel Wise,omitchell@example.com,2024-07-23,PREMIUM
CUST_0277,David Holt,qlee@example.com,2026-05-05,PREMIUM
CUST_0278,Christy Smith,wendy71@example.net,2026-05-03,REGULAR
CUST_0279,Hector Martin,csherman@example.net,2025-01-25,REGULAR
CUST_0280,Todd Ingram,lschultz@example.com,2024-11-21,PREMIUM
CUST_0281,Rachel Jenkins,rhodesamy@example.com,2024-07-18,VIP
CUST_0282,James Pruitt,dereksullivan@example.net,2026-02-15,REGULAR
CUST_0283,Kevin Phillips,zbeltran@example.com,2026-05-08,REGULAR
CUST_0284,Pamela Green,hamiltonvicki@example.org,2025-11-27,VIP
CUST_0285,Gregory Paul,davidfrank@example.net,2025-03-13,VIP
CUST_0286,Alejandra Jones,johnathanmccormick@example.com,2026-04-23,REGULAR
CUST_0287,Julie Brown,gomeztracy@example.net,2026-04-13,REGULAR
CUST_0288,Adam Russell,regina94@example.org,2026-06-01,REGULAR
CUST_0289,Eric Fox,yodernancy@example.net,2026-06-24,REGULAR
CUST_0290,Bobby Franco,william31@example.org,2025-08-03,PREMIUM
CUST_0291,Nichole Sandoval,coxandrew@example.com,2025-05-05,PREMIUM
CUST_0292,Jenna Frank,johncoffey@example.net,2025-02-26,PREMIUM
CUST_0293,Tiffany Lopez,katie46@example.com,2024-09-30,REGULAR
CUST_0294,Sherry Smith,kaitlin53@example.com,2026-05-31,PREMIUM
CUST_0295,Nathan Cline,edwardfigueroa@example.org,2025-09-15,REGULAR
CUST_0296,Kevin Mills,nlopez@example.org,2024-12-26,REGULAR
CUST_0297,Daniel Martinez,andrewhill@example.com,2026-02-17,PREMIUM
CUST_0298,Vanessa Gray,dcole@example.com,2025-06-07,REGULAR
CUST_0299,Shirley Davis,nholloway@example.com,2025-05-10,PREMIUM
CUST_0300,Jonathan Campbell,christophercook@example.net,2025-02-16,PREMIUM
CUST_0301,David Smith,amyreyes@example.net,2026-02-21,PREMIUM
CUST_0302,Savannah Warren,cmcdonald@example.com,2025-11-03,PREMIUM
CUST_0303,James Smith,millerdaniel@example.com,2024-12-06,PREMIUM
CUST_0304,Mary Pratt,elizabethtodd@example.com,2025-07-05,VIP
CUST_0305,William Foster,susanward@example.com,2024-08-06,VIP
CUST_0306,Michael Frank,matthewjackson@example.net,2024-07-07,VIP
CUST_0307,Lawrence Mitchell,juliapittman@example.org,2025-06-04,VIP
CUST_0308,Wesley Montgomery,krausegary@example.com,2025-05-12,VIP
CUST_0309,James Dudley,masseycharles@example.org,2025-09-15,PREMIUM
CUST_0310,Charles Clark,james81@example.org,2025-02-28,REGULAR
CUST_0311,Alexandra Sparks,christina76@example.org,2026-06-11,REGULAR
CUST_0312,Crystal Adams,mary14@example.net,2026-02-26,PREMIUM
CUST_0313,Jennifer Cervantes,jamie99@example.org,2026-03-12,REGULAR
CUST_0314,Jamie Hancock,joshuasosa@example.net,2024-09-04,REGULAR
CUST_0315,Kathleen Clements,devin95@example.org,2024-11-13,VIP
CUST_0316,James Zuniga,pamelamullen@example.org,2025-03-13,VIP
CUST_0317,Anne Coleman MD,carrollcarol@example.net,2024-09-15,VIP
CUST_0318,Briana Edwards,edwardgarcia@example.com,2026-01-29,REGULAR
CUST_0319,Austin Kelly,bradycassie@example.net,2026-04-03,VIP
CUST_0320,James Sandoval,hphillips@example.net,2025-02-07,PREMIUM
CUST_0321,Ryan Lee,mccoymichael@example.net,2025-02-14,REGULAR
CUST_0322,Maria Rodriguez DDS,zturner@example.com,2026-04-28,REGULAR
CUST_0323,Christy Tucker,rmcintyre@example.net,2026-02-19,VIP
CUST_0324,Sarah Chan,sanchezdustin@example.com,2024-11-08,PREMIUM
CUST_0325,Jamie Wilson,zcruz@example.net,2025-07-02,VIP
CUST_0326,Pamela Pruitt,joshuaward@example.net,2026-03-17,VIP
CUST_0327,Melissa Cruz,williamsdavid@example.net,2025-09-14,REGULAR
CUST_0328,Nicholas Jackson,christina07@example.org,2024-08-12,REGULAR
CUST_0329,Amber Davis,whitney78@example.org,2026-04-23,VIP
CUST_0330,Sheila Glass,brandirobertson@example.net,2026-04-24,REGULAR
CUST_0331,Paula Stewart,nortonphillip@example.org,2025-12-11,REGULAR
CUST_0332,Megan Mills,wileyjeremy@example.com,2026-03-19,REGULAR
CUST_0333,Steven Crosby,mary81@example.net,2025-03-25,VIP
CUST_0334,Jose Wilkerson,thorntonkaren@example.net,2025-03-13,REGULAR
CUST_0335,Craig Keller,anna55@example.org,2024-12-27,VIP
CUST_0336,Dr. Amber Rodriguez,kathleen08@example.net,2024-07-31,REGULAR
CUST_0337,Paul Perry,hwolfe@example.org,2024-11-06,PREMIUM
CUST_0338,Donald Rodriguez,khill@example.org,2026-01-13,REGULAR
CUST_0339,John Garcia,qcarter@example.com,2024-07-18,VIP
CUST_0340,Stephanie Oliver,margaret52@example.org,2026-05-06,REGULAR
CUST_0341,Brett Delacruz,carla85@example.org,2025-02-07,VIP
CUST_0342,Melissa Perez,alicearroyo@example.com,2025-12-09,VIP
CUST_0343,Sharon West DDS,tedwards@example.com,2025-08-30,REGULAR
CUST_0344,Shannon Aguilar,jonathan93@example.org,2025-11-02,VIP
CUST_0345,Steven Hamilton,wholloway@example.com,2024-11-22,REGULAR
CUST_0346,Sara Kelly,osmith@example.net,2026-06-28,PREMIUM
CUST_0347,Alison King,darlenelopez@example.org,2025-06-09,VIP
CUST_0348,Dawn Medina,thomas72@example.net,2024-07-24,VIP
CUST_0349,David Moore,sandracampos@example.net,2025-05-01,VIP
CUST_0350,Daniel Bowers,sstephens@example.net,2026-06-25,VIP
CUST_0351,Suzanne Stewart,stephen15@example.org,2025-05-13,PREMIUM
CUST_0352,Mrs. Laurie Stuart DDS,jacksonjeffrey@example.com,2024-11-30,PREMIUM
CUST_0353,Stephanie Johnson,sharonboyd@example.org,2024-10-26,REGULAR
CUST_0354,Joshua Brown,davisbarbara@example.com,2025-07-11,VIP
CUST_0355,Robert Berger,samanthajones@example.org,2024-09-13,VIP
CUST_0356,Tanya Thompson,ryanjohnson@example.org,2025-10-21,PREMIUM
CUST_0357,Tanya Johnson,iroberson@example.net,2024-08-25,REGULAR
CUST_0358,Angela Lewis,traviswolf@example.org,2026-04-23,PREMIUM
CUST_0359,Alison Jones,dvazquez@example.net,2025-04-04,PREMIUM
CUST_0360,Kelly Cortez,nortonkaren@example.com,2026-03-13,REGULAR
CUST_0361,Erin Reed,nmolina@example.org,2025-07-04,VIP
CUST_0362,Keith Lopez,afuentes@example.com,2026-05-27,VIP
CUST_0363,Cynthia Arnold,chadhall@example.com,2025-06-06,PREMIUM
CUST_0364,Thomas Buckley,blakehorton@example.org,2026-04-16,PREMIUM
CUST_0365,Stephen Simpson,lauren45@example.org,2024-11-09,PREMIUM
CUST_0366,Andrea Ramos,jennifer27@example.com,2025-12-10,REGULAR
CUST_0367,Philip Fox,montgomerydavid@example.net,2025-04-07,REGULAR
CUST_0368,Jesse Estes,trevor86@example.net,2025-06-30,PREMIUM
CUST_0369,Kevin Mitchell,dhart@example.org,2024-08-24,VIP
CUST_0370,Laura Shields,olsonmaria@example.com,2024-10-02,VIP
CUST_0371,Ryan Elliott,weeksbrian@example.org,2025-09-01,REGULAR
CUST_0372,Casey Allen,apeterson@example.org,2025-09-29,REGULAR
CUST_0373,Lisa Mata,vwalker@example.org,2025-07-16,VIP
CUST_0374,Jeanne Gonzalez,heathermathews@example.org,2024-11-29,REGULAR
CUST_0375,Ashley Bowman,cristianramirez@example.com,2025-12-04,VIP
CUST_0376,Justin Lewis,jdavis@example.org,2024-10-26,PREMIUM
CUST_0377,Sarah Francis,allison87@example.org,2024-11-07,REGULAR
CUST_0378,Andrea Wright,lisa42@example.com,2025-08-23,PREMIUM
CUST_0379,Heidi Smith,zunigakelsey@example.com,2026-05-29,REGULAR
CUST_0380,Regina Ball,christopherwilliams@example.org,2024-10-27,REGULAR
CUST_0381,John Rogers,aliciareyes@example.net,2025-04-24,PREMIUM
CUST_0382,Laura Bentley,iramirez@example.com,2025-06-26,PREMIUM
CUST_0383,William Benton,kimberlyskinner@example.com,2026-02-18,REGULAR
CUST_0384,Pamela Harrison,danielmartinez@example.org,2025-09-11,PREMIUM
CUST_0385,Karl Ferrell,derrickbrown@example.com,2025-10-28,VIP
CUST_0386,Joshua Franklin,egregory@example.net,2025-05-31,VIP
CUST_0387,Rhonda Steele,alyssagomez@example.org,2024-08-13,PREMIUM
CUST_0388,Christopher Marsh,nicolearnold@example.net,2025-09-23,VIP
CUST_0389,Mike Martinez,nicholas27@example.com,2025-05-24,VIP
CUST_0390,Tyler Farmer,mallen@example.net,2024-08-15,VIP
CUST_0391,Matthew Dodson,deborahhughes@example.com,2025-01-24,REGULAR
CUST_0392,Deborah Martinez,nathan45@example.com,2024-10-09,VIP
CUST_0393,Robert May,walter39@example.com,2025-12-07,VIP
CUST_0394,Bobby Tate,jason10@example.org,2025-01-23,PREMIUM
CUST_0395,Karen Owens,johnvilla@example.com,2025-08-03,VIP
CUST_0396,Michael Moody II,kennethward@example.net,2026-04-18,REGULAR
CUST_0397,Justin Smith,fsmith@example.org,2025-10-12,REGULAR
CUST_0398,Andrew Young,jrobertson@example.org,2025-10-11,PREMIUM
CUST_0399,Luis Mcconnell,reedpenny@example.com,2025-05-11,REGULAR
CUST_0400,Christopher Garcia,hevans@example.org,2025-12-05,REGULAR
CUST_0401,Melissa Lewis,salastanya@example.com,2026-05-23,VIP
CUST_0402,Troy Hurley,cheryljuarez@example.com,2024-12-04,VIP
CUST_0403,Justin Castillo,sbaldwin@example.net,2025-12-19,REGULAR
CUST_0404,Mark Bailey,brendanbowman@example.com,2024-11-06,PREMIUM
CUST_0405,Gina Short,mbryant@example.org,2025-02-27,PREMIUM
CUST_0406,Jerry Morgan,whitepatricia@example.org,2025-08-07,VIP
CUST_0407,Carmen Campbell,reedsamantha@example.net,2025-07-13,REGULAR
CUST_0408,Brandon Andersen,xjames@example.net,2026-05-01,VIP
CUST_0409,Daniel Hernandez,kristi98@example.org,2025-09-23,PREMIUM
CUST_0410,Catherine Medina,wendy55@example.com,2024-12-27,REGULAR
CUST_0411,Sharon Montes,oerickson@example.net,2025-08-26,VIP
CUST_0412,Kelly Day,nbecker@example.com,2024-08-06,VIP
CUST_0413,Michelle Bell,aaron40@example.net,2025-04-04,PREMIUM
CUST_0414,Jessica Bailey,wardmichael@example.com,2026-01-25,VIP
CUST_0415,Rachel Henry,fgriffin@example.net,2026-05-24,PREMIUM
CUST_0416,Douglas Henry,ksmith@example.com,2024-08-13,PREMIUM
CUST_0417,Carol Rogers,leeemily@example.net,2026-06-03,REGULAR
CUST_0418,Rhonda Williams,dmontes@example.org,2026-04-28,REGULAR
CUST_0419,Jerry Castillo,rubiopamela@example.org,2026-04-17,VIP
CUST_0420,David Salazar,ywilliams@example.net,2025-03-14,PREMIUM
CUST_0421,Ashley Hall,joseph05@example.net,2024-07-25,PREMIUM
CUST_0422,Reginald Hart,nancy37@example.net,2025-03-06,REGULAR
CUST_0423,Katie Rangel,kevinbrown@example.com,2025-08-14,REGULAR
CUST_0424,Alicia Savage,gina75@example.net,2024-12-15,PREMIUM
CUST_0425,Ashley Leach,mjohns@example.org,2024-11-02,REGULAR
CUST_0426,David Peck,ohanna@example.net,2025-04-03,VIP
CUST_0427,Jason Warren,ljuarez@example.org,2025-03-03,PREMIUM
CUST_0428,Cristian Smith,donnaestes@example.net,2025-09-22,REGULAR
CUST_0429,Amy Young,ljohnson@example.net,2025-01-03,VIP
CUST_0430,Shelby Tran,melissa58@example.org,2025-11-08,PREMIUM
CUST_0431,Ian Smith,erinhart@example.net,2025-11-03,VIP
CUST_0432,Eric Cross,bobrien@example.org,2026-07-04,VIP
CUST_0433,Cynthia Dunn,masonjames@example.com,2025-10-20,PREMIUM
CUST_0434,Cameron Baldwin,crystalbraun@example.com,2024-11-24,VIP
CUST_0435,Denise Norton,hberry@example.net,2025-06-11,REGULAR
CUST_0436,Edward Smith,lfriedman@example.net,2025-08-02,REGULAR
CUST_0437,Kimberly Smith,xreyes@example.net,2026-06-29,REGULAR
CUST_0438,Jeffrey Morris,april02@example.com,2025-07-19,VIP
CUST_0439,Melissa Johnson,michael94@example.org,2025-04-07,REGULAR
CUST_0440,James Ramirez,mejiadavid@example.com,2025-10-29,VIP
CUST_0441,Mr. Glenn Jenkins PhD,awilliamson@example.net,2025-01-31,REGULAR
CUST_0442,Zachary Williams,lewissteven@example.net,2024-12-20,PREMIUM
CUST_0443,Rhonda Griffith PhD,walter89@example.org,2026-04-06,VIP
CUST_0444,Walter Burnett,kim30@example.org,2026-04-13,VIP
CUST_0445,Erica Rivera,emilymathews@example.net,2025-02-13,REGULAR
CUST_0446,Gary Malone,lisastephens@example.net,2026-01-06,PREMIUM
CUST_0447,Cody Chapman,ashleyrivera@example.org,2026-04-02,REGULAR
CUST_0448,Ashley Hall,suttondeanna@example.com,2025-05-11,REGULAR
CUST_0449,Dr. Ashley Haley DDS,victoriarojas@example.net,2024-12-10,PREMIUM
CUST_0450,Donald Davis,sfigueroa@example.net,2025-10-05,PREMIUM
CUST_0451,Jacob Wilson,murphycharles@example.org,2025-06-19,REGULAR
CUST_0452,Ruth Wilson,andrea02@example.com,2026-04-15,PREMIUM
CUST_0453,Gregory Bryant,andrew74@example.org,2025-12-11,REGULAR
CUST_0454,Ronald Harvey,taylorgarcia@example.com,2026-05-31,VIP
CUST_0455,George Burgess,alanrobinson@example.com,2026-03-27,REGULAR
CUST_0456,Jaime Harris,caitlynrose@example.com,2025-07-26,VIP
CUST_0457,Nathaniel Davidson,qcarpenter@example.org,2026-06-13,REGULAR
CUST_0458,Jacqueline Stewart,mendezkimberly@example.net,2025-06-30,PREMIUM
CUST_0459,Charles Ramos,blakecardenas@example.net,2024-10-25,VIP
CUST_0460,James Morris,dunnsheila@example.org,2026-05-09,PREMIUM
CUST_0461,Christine Steele,victorialuna@example.net,2024-11-12,VIP
CUST_0462,Kayla Diaz,hterry@example.net,2024-10-17,VIP
CUST_0463,Heather Murphy,michael46@example.com,2026-07-04,REGULAR
CUST_0464,Christina Guzman,martin23@example.com,2025-06-18,REGULAR
CUST_0465,Stephanie Wolfe,mark12@example.net,2026-02-13,REGULAR
CUST_0466,Herbert Gomez,angela45@example.com,2026-03-12,REGULAR
CUST_0467,Scott Mathis,davidgrant@example.net,2026-04-15,PREMIUM
CUST_0468,Joshua Henderson,samantha58@example.net,2025-01-17,REGULAR
CUST_0469,Denise Richardson,pamela17@example.org,2024-11-29,REGULAR
CUST_0470,James Johnson,emccall@example.org,2026-04-24,VIP
CUST_0471,April Haynes,bethking@example.com,2024-08-08,PREMIUM
CUST_0472,Hannah Harris,heather54@example.com,2026-01-09,PREMIUM
CUST_0473,Sharon Chung,raymond99@example.com,2025-09-02,VIP
CUST_0474,Lauren Hodges,alyssa89@example.net,2025-09-13,VIP
CUST_0475,Amanda Evans,barnesricky@example.net,2025-01-25,REGULAR
CUST_0476,Michelle Thomas,coreybates@example.org,2025-07-11,PREMIUM
CUST_0477,Jennifer Bernard,christysampson@example.org,2025-09-25,REGULAR
CUST_0478,Clinton Perry,loriclark@example.com,2025-06-19,VIP
CUST_0479,Charles Escobar,debra69@example.org,2025-05-16,REGULAR
CUST_0480,Richard Kelly,raymondgreen@example.com,2025-04-07,PREMIUM
CUST_0481,Matthew Hall,davidsmith@example.net,2024-09-27,REGULAR
CUST_0482,Ryan Thomas,christopherlewis@example.org,2025-10-17,PREMIUM
CUST_0483,Eileen Bates,wendyhall@example.org,2024-10-18,REGULAR
CUST_0484,Katie Mora,rgriffin@example.net,2025-05-16,REGULAR
CUST_0485,Andrea Rasmussen,ryanmorris@example.net,2024-07-18,PREMIUM
CUST_0486,James Fields,katherine81@example.com,2025-09-17,PREMIUM
CUST_0487,Sarah Miller,umiller@example.net,2025-07-27,PREMIUM
CUST_0488,Jessica Clarke,angela23@example.com,2026-03-10,REGULAR
CUST_0489,Jessica Jones,dianekim@example.org,2024-12-15,REGULAR
CUST_0490,Anthony Rice,colleenpierce@example.org,2025-07-23,REGULAR
CUST_0491,Christopher Garcia,michaelarnold@example.org,2026-03-11,VIP
CUST_0492,Denise Davis,bridgetcarter@example.com,2025-08-10,REGULAR
CUST_0493,Michelle Gomez,bparker@example.net,2025-10-31,PREMIUM
CUST_0494,Rachel Montoya,lreeves@example.net,2024-11-07,PREMIUM
CUST_0495,Linda Jenkins,bartondaniel@example.com,2025-12-07,PREMIUM
CUST_0496,Pamela Pearson,lisa14@example.org,2025-11-09,REGULAR
CUST_0497,Evelyn Hines,iwilliams@example.com,2025-09-19,PREMIUM
CUST_0498,Traci Carter,benjaminbenitez@example.org,2025-06-25,PREMIUM
CUST_0499,Sara Martin,smithalex@example.org,2025-02-04,VIP
CUST_0500,David Anderson,tluna@example.org,2025-03-29,VIP
CUST_0501,Jennifer Johnson,esanchez@example.net,2025-10-25,PREMIUM
CUST_0502,Ashley Salazar,richard38@example.net,2024-11-25,VIP
CUST_0503,Jessica Osborne,cjacobson@example.net,2025-07-07,VIP
CUST_0504,Krystal Wiley,elijahjames@example.org,2025-03-23,PREMIUM
CUST_0505,Laura Hudson,ehuber@example.net,2025-08-26,REGULAR
CUST_0506,Sandra Conner,morenodonald@example.net,2025-01-28,REGULAR
CUST_0507,Mark Leblanc,hollyhughes@example.net,2025-04-29,PREMIUM
CUST_0508,Casey Clark,deanedward@example.com,2024-10-12,REGULAR
CUST_0509,Peter Anderson,leslie06@example.org,2026-04-22,VIP
CUST_0510,Dr. Casey Tucker,tinalandry@example.com,2024-10-06,PREMIUM
CUST_0511,Samantha Bender,fisherphyllis@example.org,2025-10-15,REGULAR
CUST_0512,Victor Morgan,youngjustin@example.org,2025-11-02,REGULAR
CUST_0513,Jerry Stevens,edwardsangela@example.net,2024-12-23,VIP
CUST_0514,Latoya Flores,daniel77@example.org,2026-06-14,PREMIUM
CUST_0515,Adrienne Smith,esummers@example.com,2025-09-02,PREMIUM
CUST_0516,Hannah Hill,victoria95@example.org,2025-02-07,VIP
CUST_0517,Debra Fuller,cindybyrd@example.org,2026-03-11,PREMIUM
CUST_0518,Larry Williams,tina06@example.org,2024-08-24,PREMIUM
CUST_0519,Victoria Bailey,darlene30@example.com,2026-05-10,VIP
CUST_0520,Jessica Mitchell,lschmidt@example.net,2026-01-09,VIP
CUST_0521,Kathryn Brown,nsanford@example.net,2025-10-21,REGULAR
CUST_0522,Steven Gonzalez,alexandercobb@example.net,2024-10-27,PREMIUM
CUST_0523,Mrs. Krista West,madison66@example.net,2024-09-20,VIP
CUST_0524,Dr. Monica Barrera,kcarey@example.net,2024-12-26,REGULAR
CUST_0525,Felicia Tucker,cschultz@example.org,2025-08-30,PREMIUM
CUST_0526,Wayne Perez,wpark@example.net,2025-05-22,REGULAR
CUST_0527,Allison Yoder,khernandez@example.com,2026-06-15,VIP
CUST_0528,Stephen Allen,sarahmartinez@example.net,2026-02-11,PREMIUM
CUST_0529,Brandy Rodgers,santosdebra@example.net,2025-02-10,REGULAR
CUST_0530,Crystal Garcia,autumn06@example.net,2024-11-10,VIP
CUST_0531,Melanie Watson,joneskathryn@example.com,2026-03-07,VIP
CUST_0532,Rebecca Bennett,angelaadkins@example.com,2025-12-22,VIP
CUST_0533,Mary Molina,michael77@example.org,2024-10-12,VIP
CUST_0534,John Gardner,gregory13@example.com,2024-10-17,VIP
CUST_0535,Erik Gentry,abigail15@example.net,2024-11-24,VIP
CUST_0536,Richard Wagner,courtneyhammond@example.com,2025-09-07,VIP
CUST_0537,Richard Lee,longmark@example.org,2025-09-15,REGULAR
CUST_0538,Marc Murray,toddcooley@example.net,2024-07-27,PREMIUM
CUST_0539,Emily Liu,henryanne@example.net,2025-09-07,PREMIUM
CUST_0540,Rodney Perez,solissamantha@example.net,2025-02-19,REGULAR
CUST_0541,Melanie Boyd,hgraves@example.com,2025-09-05,VIP
CUST_0542,Lori Santiago,efoster@example.org,2025-09-10,PREMIUM
CUST_0543,Cheyenne Lewis,salazarjennifer@example.org,2025-11-26,VIP
CUST_0544,Robin Velasquez,louis10@example.net,2026-01-23,PREMIUM
CUST_0545,Misty Harrison,johnsonshawn@example.net,2025-02-16,VIP
CUST_0546,Zachary Mueller,michelle11@example.org,2025-01-14,REGULAR
CUST_0547,Tonya Myers,cwhite@example.net,2024-09-30,VIP
CUST_0548,Eric Lowery,emilyclayton@example.org,2025-01-18,PREMIUM
CUST_0549,Rachel Ferrell,wendy04@example.com,2024-12-06,VIP
CUST_0550,Nicole Wells,daniel11@example.com,2026-01-09,PREMIUM
CUST_0551,April Carter,browntimothy@example.org,2025-06-26,VIP
CUST_0552,Sue Wilson,candace08@example.net,2025-12-03,PREMIUM
CUST_0553,Vanessa Warren,sandra03@example.net,2025-03-09,PREMIUM
CUST_0554,Brandy Turner,paula92@example.net,2024-09-20,PREMIUM
CUST_0555,Maria Alvarez,donaldowens@example.org,2025-10-07,VIP
CUST_0556,David Rogers,ethan99@example.net,2025-08-06,PREMIUM
CUST_0557,Victor Guerrero,ematthews@example.org,2024-09-01,VIP
CUST_0558,Christine Perry,mdavis@example.org,2025-09-15,REGULAR
CUST_0559,Susan Collins,mary31@example.com,2025-10-14,REGULAR
CUST_0560,Annette Ford,dodsonamber@example.net,2025-01-08,PREMIUM
CUST_0561,Jennifer Woods,amandablackburn@example.org,2025-03-28,VIP
CUST_0562,Darren White,walkerandrew@example.com,2026-04-14,PREMIUM
CUST_0563,Michael Baker,wclark@example.org,2025-09-16,VIP
CUST_0564,Sheila Brown,ericmorrison@example.net,2026-05-10,VIP
CUST_0565,Mary White,qjohnson@example.com,2024-10-16,REGULAR
CUST_0566,Terri Vaughn,amoon@example.org,2025-10-12,VIP
CUST_0567,Travis Paul,watsontyler@example.net,2026-02-11,VIP
CUST_0568,Rhonda Gutierrez,paulhooper@example.com,2025-06-28,PREMIUM
CUST_0569,Robert Ford,mbenitez@example.org,2024-07-22,PREMIUM
CUST_0570,Robert Bailey,fbowman@example.net,2026-05-17,VIP
CUST_0571,Theodore Sanchez,anthonysmith@example.net,2025-12-16,REGULAR
CUST_0572,Jacqueline Rogers,fhart@example.com,2025-06-20,PREMIUM
CUST_0573,Michael Mason MD,jonesandrew@example.com,2025-11-12,PREMIUM
CUST_0574,Scott Mclaughlin,brandoncunningham@example.org,2025-12-02,REGULAR
CUST_0575,Alan Costa,jessicamartinez@example.net,2025-07-05,PREMIUM
CUST_0576,Jordan Turner,powelldaniel@example.org,2026-05-25,VIP
CUST_0577,Linda Young,bryan16@example.org,2025-09-07,VIP
CUST_0578,Jason Stevenson,sarahcross@example.net,2025-04-09,VIP
CUST_0579,Robert Mitchell,gabriellafigueroa@example.org,2024-11-23,PREMIUM
CUST_0580,James Page,edward48@example.net,2024-08-26,PREMIUM
CUST_0581,Susan Fisher,wangsarah@example.net,2026-06-28,PREMIUM
CUST_0582,Jordan Baker,townsendwilliam@example.org,2026-07-05,PREMIUM
CUST_0583,Matthew Walls,noconnor@example.org,2024-07-28,VIP
CUST_0584,Dr. Ronald Lewis DDS,watsonbrianna@example.org,2026-02-07,REGULAR
CUST_0585,Paula Bishop,michael95@example.org,2025-03-12,VIP
CUST_0586,Alex Stevens,sfreeman@example.org,2024-10-21,PREMIUM
CUST_0587,Heidi Reyes,richard61@example.org,2024-12-18,VIP
CUST_0588,Joshua Wright,andrewhess@example.com,2025-11-10,REGULAR
CUST_0589,Kimberly Evans,dawsonlisa@example.com,2026-04-29,VIP
CUST_0590,Janet Gray,vbrady@example.com,2026-02-01,REGULAR
CUST_0591,Christopher Carter,hallen@example.net,2024-11-02,PREMIUM
CUST_0592,Brandi Walters,kwilson@example.org,2024-12-02,VIP
CUST_0593,Carol Moore,charles09@example.net,2026-05-26,VIP
CUST_0594,Lauren Smith,deannaferguson@example.org,2025-05-02,VIP
CUST_0595,Joshua Davis,rharris@example.org,2025-01-19,VIP
CUST_0596,Mary Moreno,sue86@example.net,2024-10-12,PREMIUM
CUST_0597,Ashley Scott,fwright@example.org,2025-06-19,REGULAR
CUST_0598,William Miller,mary08@example.com,2024-07-12,REGULAR
CUST_0599,Christina Gonzalez,christopher89@example.com,2026-02-04,VIP
CUST_0600,Derek Warner,ericsosa@example.net,2024-09-09,PREMIUM
